{
  "A": [
    [
      0.405,
      0.05,
      0.04,
      0.0,
      0.09
    ],
    [
      -0.061,
      0.53,
      0.073,
      0.11,
      -0.06
    ],
    [
      0.07,
      -0.036,
      0.38,
      0.03,
      0.02
    ],
    [
      -0.05,
      0.0,
      0.066,
      0.58,
      0.23
    ],
    [
      0.0,
      0.081,
      -0.05,
      0.0,
      0.41
    ]
  ],
  "f": [
    1.065,
    0.975,
    -1.312,
    1.096,
    -0.048
  ],
  "epsilons": [
    0.001,
    0.0001,
    0.00001,
    0.0000000000000001
  ],
  "x": null
}